"Txhash","Blockno","UnixTimestamp","DateTime","From","To","ContractAddress","Value_IN(ETH)","Value_OUT(ETH)","CurrentValue @ $248.47/Eth","TxnFee(ETH)","TxnFee(USD)","Historical $Price/Eth","Status","ErrCode"
"0x117fe88307aa3f1a370614215cd486862b8011931f94dc5e69eac5c2e9de9396","3034649","1484969305","1/21/2017 3:28:25 AM","0xc26f346a2ea6bf10dfdb1106d12ee5a004c4ef44","0x71caff5fd6facbaf1863426ac05b3703636a9bb9","","0","0","0","0.000467124","0.11606630028","10.91","","",""
"0xf07a24f855c824444e64ce253cc685b01ece3f7a83c03a3d4497d9d96ca38afe","3385050","1489997197","3/20/2017 8:06:37 AM","0xa70e86ec1276fd17f64166efb7ad69dc0260281c","0x71caff5fd6facbaf1863426ac05b3703636a9bb9","","0","0","0","0.000912004","0.22660563388","42.51","","",""
"0xf9f1237cd6e3f00eb9fbc3f8af719ad62727194d31c87fe90c03096ffb4ef577","3385410","1490002327","3/20/2017 9:32:07 AM","0x399873f018ac80ad2633df98694eb725ebfde86d","0x71caff5fd6facbaf1863426ac05b3703636a9bb9","","0","0","0","0.00044488","0.1105393336","42.51","","",""
"0xde5c44697fc020efdccbafe8f7c0d93777bc4c7fdc7f95977faef86a26abe7b4","3385915","1490009387","3/20/2017 11:29:47 AM","0xc8d4b2443d8198028af531b0dbe78a54e4a0e89f","0x71caff5fd6facbaf1863426ac05b3703636a9bb9","","0","0","0","0.00022244","0.0552696668","42.51","","",""
"0xac440009c1d27ec1e12727d8b5212390c4aa279a873d8db56c9ab0a1bfa894a7","3385922","1490009487","3/20/2017 11:31:27 AM","0x3631c6d0bc0edec37657c41b3f3c14af1c63c13e","0x71caff5fd6facbaf1863426ac05b3703636a9bb9","","0","0","0","0.00022244","0.0552696668","42.51","","",""
"0xb16e162bca978160a1a6bec7c5231698aedb69a363903edf041306ee5dbbb85d","3385922","1490009487","3/20/2017 11:31:27 AM","0x25fbc26a2073328f6d588f358ae89532758110bf","0x71caff5fd6facbaf1863426ac05b3703636a9bb9","","0","0","0","0.00022244","0.0552696668","42.51","","",""
"0x5135a11cbef1195c3231348cfcee8a4e880516f1e60687456e9b5e06c20f4275","3385950","1490009903","3/20/2017 11:38:23 AM","0x2a41805b80c551ba29c6fdefbba9e5f667fc10ca","0x71caff5fd6facbaf1863426ac05b3703636a9bb9","","0","0","0","0.00022244","0.0552696668","42.51","","",""
"0xb17eec35475e2094da317aefe9d6cb2dba99d9b32477da7657db96fc6c7ac0c4","3385950","1490009903","3/20/2017 11:38:23 AM","0xe2432370f6bd356dc4034d40e5fc4d66e68593de","0x71caff5fd6facbaf1863426ac05b3703636a9bb9","","0","0","0","0.00022244","0.0552696668","42.51","","",""
"0x9df63e6d5cc1d344f86e37f472cf3864dbc21150448b096ba1ad63a73faf0e98","3386017","1490010857","3/20/2017 11:54:17 AM","0x01f1aff04eb8c89fd329e7357e6f9f6633e52dc6","0x71caff5fd6facbaf1863426ac05b3703636a9bb9","","0","0","0","0.00044488","0.1105393336","42.51","","",""
"0x0d48ce3c66f0e0a32b4d640089ee546761f7dfef3309f54bee3b3c00097b43c5","3386044","1490011122","3/20/2017 11:58:42 AM","0xcc2816300016f72f2bc7abb2381ef8875e669208","0x71caff5fd6facbaf1863426ac05b3703636a9bb9","","0","0","0","0.00044488","0.1105393336","42.51","","",""
"0x388b9fdb53d8cd9f477f907b12b2abae4370c56b874365c47e2ad77746c326eb","3389854","1490065376","3/21/2017 3:02:56 AM","0x4a9067c7771c0dd95d4d3e656989842655b6ca1b","0x71caff5fd6facbaf1863426ac05b3703636a9bb9","","0","0","0","0.00044488","0.1105393336","42.67","","",""
"0x6e15281f6e94c02881e90e9aaa348a366380fecf2d7f7bc006393ae0addcca7b","3390809","1490079656","3/21/2017 7:00:56 AM","0x9832fc75f7f927e09d32f03dbc6f1d329e639bb9","0x71caff5fd6facbaf1863426ac05b3703636a9bb9","","0","0","0","0.00044488","0.1105393336","42.67","","",""
"0xa88f4581cb278c21aa8015cf655c0adcb1793a0971d53aeb518549ea85c49dcf","3391327","1490087719","3/21/2017 9:15:19 AM","0x738552ae259be9a0696af9f9bde8a28c673694f0","0x71caff5fd6facbaf1863426ac05b3703636a9bb9","","0","0","0","0.00044488","0.1105393336","42.67","","",""
"0xdc6166d62836d0abd0217b33261b833be8052d8443423d7aab2f2192b7bba3ad","3392145","1490099717","3/21/2017 12:35:17 PM","0xde81791e66e010c91155f22ba119d214621c8b90","0x71caff5fd6facbaf1863426ac05b3703636a9bb9","","0","0","0","0.00044488","0.1105393336","42.67","","",""
"0xf348dd80ec97d92dd8df2000437f67f67c9763cb38913bf9c78615403d40d030","3392486","1490104728","3/21/2017 1:58:48 PM","0x01d4fd81f473388ee5d2d43aa1c46b75ae5b3e58","0x71caff5fd6facbaf1863426ac05b3703636a9bb9","","0.000000001","0","0.00000024847","0.000832496","0.20685028112","42.67","","",""
"0x956c4b6cfd4b4d43a86ba33fe34e9712c92767c6ebd862306600571d5a0c61d9","3392791","1490108759","3/21/2017 3:05:59 PM","0x5a39d3f04e24c0f3a81b1c5ec6f70ad0319385ba","0x71caff5fd6facbaf1863426ac05b3703636a9bb9","","0","0","0","0.00044488","0.1105393336","42.67","","",""
"0xe7edf486b99a40a1a4a868f1c09a8f89e7704371be50c8e7e7060fd64b2b30bc","3393436","1490118612","3/21/2017 5:50:12 PM","0x00c482f344af08f9c99e231109b0b75d3465acf7","0x71caff5fd6facbaf1863426ac05b3703636a9bb9","","0","0","0","0.00044488","0.1105393336","42.67","","",""
"0x72c6207f8332f8176a4a19995815c8838f8cff562d0f47783494e7b5446e2ad1","3397135","1490171267","3/22/2017 8:27:47 AM","0x902b170fc4f2b4ce97af48095854bdba55df5071","0x71caff5fd6facbaf1863426ac05b3703636a9bb9","","0","0","0","0.00042","0.1043574","41.65","Error(0)","Out of gas",""
"0x0ffc4473db5ca8a5612ae873af401df5871e0bb626f2eb1ff02e8ffdabf63537","3397651","1490178841","3/22/2017 10:34:01 AM","0xd7bb172ba231b9e7f837052e1d57e94e2c6abc5e","0x71caff5fd6facbaf1863426ac05b3703636a9bb9","","0","0","0","0.00044488","0.1105393336","41.65","","",""
"0x9e5ff2b8d0025e0dba05d0743ea0b30c6715fc383a0abf27375243b7933374e4","3402659","1490250699","3/23/2017 6:31:39 AM","0xc2d5ef1b5e6234c6bcbce87bb05d579c8e9d5720","0x71caff5fd6facbaf1863426ac05b3703636a9bb9","","0","0","0","0.00044518","0.1106138746","43.20","","",""
"0x930d938335f6cfe82c386f7e6f1c95c6e6e6b8f5a9271042ce25d2d65b96ad63","3522374","1492000432","4/12/2017 12:33:52 PM","0x0aba55c93cf7292f71067b0ba0d8b464592895ca","0x71caff5fd6facbaf1863426ac05b3703636a9bb9","","0","0","0","0.00044488","0.1105393336","46.38","","",""
"0x372237f4bbec1018ad6c8e96d689d1978abf9f0747979ab2db24170a70e7ab30","3532826","1492155495","4/14/2017 7:38:15 AM","0xcff980ae91cba908672229d646c615c8ec38789d","0x71caff5fd6facbaf1863426ac05b3703636a9bb9","","0","0","0","0.00044488","0.1105393336","47.32","","",""
"0xdc07c72d1fc6d7f90f87d859c8cac02373e035d700ca2a8c35686645a30e246f","4117250","1501878641","8/4/2017 8:30:41 PM","0x10ab0995539f3d561e0d4052ca338024e7c1a4f4","0x71caff5fd6facbaf1863426ac05b3703636a9bb9","","0","0","0","0.000467124","0.11606630028","220.60","","",""
"0x547166fb5860bf72f59d33f76b10ddd31be1a6ab4988acf0be17536f2318f29b","4170897","1503008859","8/17/2017 10:27:39 PM","0xd919a1e9ba66d68fc6e4b756ee3779826c3fc95d","0x71caff5fd6facbaf1863426ac05b3703636a9bb9","","0","0","0","0.000022244","0.00552696668","300.30","","",""
"0xdbf1781887bf5cf57d0b2e5de48a9cae91fa502cd2294986cdd2cd4fd37aab04","4170924","1503009326","8/17/2017 10:35:26 PM","0xd919a1e9ba66d68fc6e4b756ee3779826c3fc95d","0x71caff5fd6facbaf1863426ac05b3703636a9bb9","","0","0","0","0.000022244","0.00552696668","300.30","","",""
"0x2b7e54ae746e08236d469cd41abfc004d45368d37dfd2177f8fc01b1ec5aab99","4907687","1515943359","1/14/2018 3:22:39 PM","0xa7ce38e182d524393fc25263cc4463f7599a7b81","0x71caff5fd6facbaf1863426ac05b3703636a9bb9","","0","0","0","0.000400392","0.09948540024","1359.48","","",""
"0xfe05a7306d7c64037301a85b4e1ee5e808b82ade24afd16e3a7545edbe3f6d10","6601328","1540759530","10/28/2018 8:45:30 PM","0x745d175fd6efce85d6c43e27b63178b1f279cb6b","0x71caff5fd6facbaf1863426ac05b3703636a9bb9","","0.03","0","7.4541","0.000089196","0.02216253012","203.72","","",""
"0x35c95d7bd4169ac19092a3eada02b38152b4d6d46afefdc3c7d9d0ac8de78ec1","7008806","1546603761","1/4/2019 12:09:21 PM","0x7df126321c3c84415462a605bdaf94189af3581c","0x71caff5fd6facbaf1863426ac05b3703636a9bb9","","0","0","0","0.000066732","0.01658090004","156.04","","",""
"0xa95a7427c6f60de72933c14567f7f38db3eaa0263106856e3b6f45223f5a8f6f","7008823","1546603925","1/4/2019 12:12:05 PM","0x7df126321c3c84415462a605bdaf94189af3581c","0x71caff5fd6facbaf1863426ac05b3703636a9bb9","","0","0","0","0.000066732","0.01658090004","156.04","","",""
"0x9c29e6d39af41df321e1ebcb40cc7bb6baa7679027f8bb58521773dafbed7773","7197446","1549707623","2/9/2019 10:20:23 AM","0x2858b141429244dda03354aa35f1cc761a058a34","0x71caff5fd6facbaf1863426ac05b3703636a9bb9","","0","0","0","0.000088976","0.02210786672","119.13","","",""
