"Txhash","Blockno","UnixTimestamp","DateTime","From","To","ContractAddress","Value_IN(ETH)","Value_OUT(ETH)","CurrentValue @ $249.65/Eth","TxnFee(ETH)","TxnFee(USD)","Historical $Price/Eth","Status","ErrCode"
"0x1e2bed7b9f53abba1af9f1e16676d1766134213b50794645d80c2784562488f3","3030909","1484916112","1/20/2017 12:41:52 PM","0xf88de87eaa207cf496760aef7cd61cf1d2d12052","0x3af6df663d717b0ecc24144279a81a2483fbe510","","0.001","0","0.24965","0.00059464","0.148451876","10.60","","",""
"0x973f7f58b84b404abf49dca6df9588640fac2c5adfe2d7cc1b429bca6c0e8229","3381846","1489951567","3/19/2017 7:26:07 PM","0x0016a2785652b53a24d2405cb6ae50037aa84dd7","0x3af6df663d717b0ecc24144279a81a2483fbe510","","0","0","0","0.00044488","0.111064292","43.12","","",""
"0x4b36b21a6627e6235536c62f87b0e1418cb966b882d8c6a334a9644ece57a320","3382280","1489957709","3/19/2017 9:08:29 PM","0xc2663f8145dbfec6c646fc5c49961345de1c9f11","0x3af6df663d717b0ecc24144279a81a2483fbe510","","0.0000001","0","0.000024965","0.000416248","0.1039163132","43.12","","",""
"0xcd7cd79e61466b325021793392273c603ddd837270aa1f84734ccdfa17b4c486","3383538","1489975436","3/20/2017 2:03:56 AM","0x319628c3a0c11c301731ee51fbb5ad3fcce4378b","0x3af6df663d717b0ecc24144279a81a2483fbe510","","0.0000000000000001","0","0.000000000000024965","0.000208124","0.0519581566","42.51","","",""
"0x55adad890bebe70a96bd0b4a66c88d33532ee5604014b90768a7d85d93fc19e8","3384998","1489996365","3/20/2017 7:52:45 AM","0xe5215631b14248d45a255296bed1fbfa0330ff35","0x3af6df663d717b0ecc24144279a81a2483fbe510","","0.00000001","0","0.0000024965","0.00059464","0.148451876","42.51","","",""
"0xb8444d81ead4d905683020c6a8b6fce6580b4f61b50cba6435138e9668aa7943","3385032","1489996934","3/20/2017 8:02:14 AM","0x66e369a3a9c3678e3e4d05ef6a9886181c9a2c5b","0x3af6df663d717b0ecc24144279a81a2483fbe510","","0.00000000001","0","0.0000000024965","0.00059464","0.148451876","42.51","","",""
"0xd60cf917dcc6e36aac0e909d160b02e02866a0683311ccf04799baedba34f7bf","3385035","1489996970","3/20/2017 8:02:50 AM","0x7d352d32227f7296bb2c8296c7a81c2c967d3b22","0x3af6df663d717b0ecc24144279a81a2483fbe510","","0.00000000000001","0","0.0000000000024965","0.00059464","0.148451876","42.51","","",""
"0x300d12c1028e84ada06bb4fa8e7d5a89373bf5e4b7781264b74c7fab06833b2c","3385110","1489998099","3/20/2017 8:21:39 AM","0x57809307c357433fab7f6effece0fcb85a437ddc","0x3af6df663d717b0ecc24144279a81a2483fbe510","","0","0","0","0.00044488","0.111064292","42.51","","",""
"0xe74363d16bcd412289f582d6a7084e3d1492e31fdd891913363ee59f281b2465","3389324","1490057882","3/21/2017 12:58:02 AM","0x5ac497241ec8307af728bb75a40f048380ed89e0","0x3af6df663d717b0ecc24144279a81a2483fbe510","","0","0","0","0.00042","0.104853","42.67","Error(0)","Out of gas",""
"0x8379c71eb75b630c3de5398cf63505fce8116fa33aa686538b839b8ebf943e4d","3389343","1490058209","3/21/2017 1:03:29 AM","0x5ac497241ec8307af728bb75a40f048380ed89e0","0x3af6df663d717b0ecc24144279a81a2483fbe510","","0","0","0","0.00044488","0.111064292","42.67","","",""
"0x1145ee0bae567a2e9ae1bc3484d03fc0b27c1de591f869a650e89f78c27c8e3a","3389996","1490067608","3/21/2017 3:40:08 AM","0x7ed1e469fcb3ee19c0366d829e291451be638e59","0x3af6df663d717b0ecc24144279a81a2483fbe510","","0","0","0","0.00084","0.209706","42.67","Error(0)","Out of gas",""
"0x03eaae2c282a2bb467eece3fb768a2f49c8cf079135c863b2e64f5346545070d","3391269","1490086556","3/21/2017 8:55:56 AM","0x69ca20bab8e090bdce66f32beb01598794c4a4cc","0x3af6df663d717b0ecc24144279a81a2483fbe510","","0","0","0","0.000467124","0.1166175066","42.67","","",""
"0xd062d2c9002d72057fde5634712f60af6ec0f1e1c5b92e4e122040efdcac74e3","3391518","1490090864","3/21/2017 10:07:44 AM","0xa7a6f0457f87fac340b7d213e13460bc3c7fa424","0x3af6df663d717b0ecc24144279a81a2483fbe510","","0","0","0","0.000467124","0.1166175066","42.67","","",""
"0x2247d25da8595d79b31675a24b8ab1d4f3daea52f0c191a83bb0926f23b67fae","3392394","1490103295","3/21/2017 1:34:55 PM","0x297632d2848f7ae563afc2cb9aa9ebb7c98bcbd2","0x3af6df663d717b0ecc24144279a81a2483fbe510","","0","0","0","0.000467124","0.1166175066","42.67","","",""
"0xbbd47bd4e250cde50eb87b6ea0f10ad9cf0fdcb8faa9d60e7be4cea8449b49ed","3400630","1490221255","3/22/2017 10:20:55 PM","0x49394b0d77c78c050dd71745fb072c63c24c3274","0x3af6df663d717b0ecc24144279a81a2483fbe510","","0","0","0","0.00044488","0.111064292","41.65","","",""
"0xdf15f4daf9676acd2c935258b9c99d05a38daf375d79c7a63dbc831320c4374c","3401486","1490233297","3/23/2017 1:41:37 AM","0x401de6b778984054cf8d0d3b7c9ac3998d48ab2f","0x3af6df663d717b0ecc24144279a81a2483fbe510","","0","0","0","0.00044488","0.111064292","43.20","","",""
"0x39578bda9ae96437cd63f9f106972ad6193529b41aef58d6bcf0042297177bb8","3402770","1490252367","3/23/2017 6:59:27 AM","0x632da81d534400f84c52d137d136a6ec89a59d77","0x3af6df663d717b0ecc24144279a81a2483fbe510","","0","0","0","0.00044646","0.111458739","43.20","","",""
"0x8a6d0164aca7b201c2ffe8fefb740804128e4bda2775fa6621ae927fec50cf88","3411189","1490375403","3/24/2017 5:10:03 PM","0x9d6723a43435393ebd24746bb95fb16266bca08a","0x3af6df663d717b0ecc24144279a81a2483fbe510","","0","0","0","0.00044488","0.111064292","53.19","","",""
"0x4757440d67e0c7791baf6f56ec9e9059bad9aad729c37e9b53726d809e4afa0f","3411199","1490375491","3/24/2017 5:11:31 PM","0xc2a2879854a3873809c5bea4216446e9160dc674","0x3af6df663d717b0ecc24144279a81a2483fbe510","","0","0","0","0.00044488","0.111064292","53.19","","",""
"0xa0d7ea2ecfda4df9572d88d4f6ca1cb96160355bb45edfa1be546d129b563f1c","3413026","1490402557","3/25/2017 12:42:37 AM","0x1051e355adf5c153f656c3e950f1a75fe180ef79","0x3af6df663d717b0ecc24144279a81a2483fbe510","","0","0","0","0.00044488","0.111064292","50.62","","",""
"0x01db50977e0ea685d64963a9f44d3620c17b43cf586b12c3b1318b9b0ab0133b","3446716","1490891499","3/30/2017 4:31:39 PM","0x101f1887fdd186bc898e0231f3c3187212bb3358","0x3af6df663d717b0ecc24144279a81a2483fbe510","","0","0","0","0.00044488","0.111064292","51.91","","",""
"0x57e6ed97c2ede0cd14df961783142b6913fe0bf6135a1c49aeed844525fd5fdd","3448147","1490912195","3/30/2017 10:16:35 PM","0xd9b07f483079b45497f1720941d411471860b8fb","0x3af6df663d717b0ecc24144279a81a2483fbe510","","0","0","0","0.00044488","0.111064292","51.91","","",""
"0xfabfaca6038b160017326f71a0169adfedb067287af547164e53d67551ea8e2a","3459429","1491076415","4/1/2017 7:53:35 PM","0x21f6c731521a6560021e298dedd37c700e06d829","0x3af6df663d717b0ecc24144279a81a2483fbe510","","0","0","0","0.00044488","0.111064292","50.60","","",""
"0x2dfbe2654361af2d405f731811e6202fc5a1e7df11faff5e5e28d91776229d2c","3459438","1491076539","4/1/2017 7:55:39 PM","0x71528ef3f00c8c540ba5ec5c1d72f0b98db4f9fb","0x3af6df663d717b0ecc24144279a81a2483fbe510","","0","0","0","0.00044488","0.111064292","50.60","","",""
"0xc890fc75e8ac3cadc448ea25b1ede2268cdb05fe559aa01025ed61357ea23251","3516042","1491905900","4/11/2017 10:18:20 AM","0x5c0f595199ad84fd3d8887d263c87c38413de38f","0x3af6df663d717b0ecc24144279a81a2483fbe510","","0","0","0","0.00044488","0.111064292","43.74","","",""
"0x10654aa49ff8aac45ad2420c1f5616c7f929c378c61e31d84e7a717cfb4d8036","3518509","1491942611","4/11/2017 8:30:11 PM","0x440e18c6367b4a863238b4bad31382f09832182b","0x3af6df663d717b0ecc24144279a81a2483fbe510","","0","0","0","0.00044488","0.111064292","43.74","","",""
"0xf7eacbb48c9f9a879ff913b6532765213d60ee700662bf96220c9af3cac75dba","3518511","1491942685","4/11/2017 8:31:25 PM","0x051523a590f4f246c5f6c74fc632b6195a38d8b2","0x3af6df663d717b0ecc24144279a81a2483fbe510","","0","0","0","0.00044488","0.111064292","43.74","","",""
"0x3a4e67a7c53172dbcf85c03686fc15f6371d72e20d0b1a902e2e725c7f5bc818","3523431","1492015879","4/12/2017 4:51:19 PM","0x995330e37b8642cd0ea97ddd1a5e42c0d6c1cb37","0x3af6df663d717b0ecc24144279a81a2483fbe510","","0","0","0","0.000481740936150844","0.120266624710058","46.38","","",""
"0xd936edf1e2a30eb86576d5be3c1ed9667aa5761e86553ea34d89ed5f59a5267e","3853472","1497148233","6/11/2017 2:30:33 AM","0x6bd6cc051c600a3a733eed6bb092e23bb5ae4bca","0x3af6df663d717b0ecc24144279a81a2483fbe510","","0","0","0","0.000126","0.0314559","339.68","Error(0)","Out of gas",""
"0x8d0b8d32a5b04a1fdb8561de3b45a380901e5c8b198deb8ae166631e0a25be83","3951164","1498799825","6/30/2017 5:17:05 AM","0x623b525d799d700e11dae57dcb53c498df1f3e5a","0x3af6df663d717b0ecc24144279a81a2483fbe510","","0","0","0","0.00044488","0.111064292","280.68","","",""
"0xa468c149e0e78910c34c260363bcacde1916c9ec7a72584490c11e595392b9bf","3951221","1498800709","6/30/2017 5:31:49 AM","0x0abade427a6a7e1cbce55eb64fcac91791ebc718","0x3af6df663d717b0ecc24144279a81a2483fbe510","","0","0","0","0.000011122","0.0027766073","280.68","","",""
"0xdd10d60f17b52a821052c81ca360d43c5015603e4760520e481ab17708b51efc","5061862","1518221742","2/10/2018 12:15:42 AM","0xe2e39360e423d3c018bd5a11b730a1282a98f8f1","0x3af6df663d717b0ecc24144279a81a2483fbe510","","0","0","0","0.000022244","0.0055532146","850.75","","",""
"0x46a54e27d0102298ae21736150d13a7cf9db2e2efe728806653a73320b7347db","5061865","1518221837","2/10/2018 12:17:17 AM","0xe2e39360e423d3c018bd5a11b730a1282a98f8f1","0x3af6df663d717b0ecc24144279a81a2483fbe510","","0","0","0","0.0002469084","0.06164068206","850.75","","",""
"0x10a2460206fbd90a335c9bc4705d02a906ba0fef54abc809d96a722d93e13d81","5086148","1518573333","2/14/2018 1:55:33 AM","0xe2e39360e423d3c018bd5a11b730a1282a98f8f1","0x3af6df663d717b0ecc24144279a81a2483fbe510","","0","0","0","0.000044488","0.0111064292","920.11","","",""
"0x05b558e28a287a27490d6c2492a660ea2d3e2354a5890187aa4d8836a23316a7","5254607","1521042754","3/14/2018 3:52:34 PM","0x5a1857b5a481dd157deedb9e59f6f3a3a84748f1","0x3af6df663d717b0ecc24144279a81a2483fbe510","","0.001","0","0.24965","0.00014866","0.037112969","613.15","","",""
