"Txhash","Blockno","UnixTimestamp","DateTime","From","To","ContractAddress","Value_IN(ETH)","Value_OUT(ETH)","CurrentValue @ $249.68/Eth","TxnFee(ETH)","TxnFee(USD)","Historical $Price/Eth","Status","ErrCode"
"0xcb7cb839fea7228aecbd7986e880a0f2505c26b7adc1eae8d91e2e543f796af7","3034667","1484969630","1/21/2017 3:33:50 AM","0x96f59616602f1c6970b3fa15c2f17c37a7b10be7","0xa73908834dfdd442ebfe171100ac0befa6abb1f5","","0","0","0","0.00044488","0.1110776384","10.91","","",""
"0x8e655da2bfa3d16ea2724f8747db8d07993999d2f666b27c8c6f5f6e8867a876","3381935","1489952775","3/19/2017 7:46:15 PM","0x1dba1131000664b884a1ba238464159892252d3a","0xa73908834dfdd442ebfe171100ac0befa6abb1f5","","0","0","0","0.0011122","0.277694096","43.12","","",""
"0xdf553889650779163437b88cc6d9bb717043dcd973c157bfdf9227a406965e2f","3382637","1489962851","3/19/2017 10:34:11 PM","0xb4fdb4349a5df9516138f73a7ffc372fee15d607","0xa73908834dfdd442ebfe171100ac0befa6abb1f5","","0","0","0","0.00044488","0.1110776384","43.12","","",""
"0xfb774f5b28c21f03b852f73a85d070448ebf69ca5b618f6771fefc89aacc1f14","3382653","1489963042","3/19/2017 10:37:22 PM","0xa803b92807baa4cf1c088be2d2debaac5cee14be","0xa73908834dfdd442ebfe171100ac0befa6abb1f5","","0","0","0","0.00044488","0.1110776384","43.12","","",""
"0x124338df4f4f967a26a7263b28efd52f4fe6f12ca80a9e7c233a5d67782ea442","3385219","1489999706","3/20/2017 8:48:26 AM","0x46fad21aaa4c79ee9cf4ffb83952ac3947351da8","0xa73908834dfdd442ebfe171100ac0befa6abb1f5","","0.0001","0","0.024968","0.00059464","0.1484697152","42.51","","",""
"0x20c4ca6bfbbdaffeed4db48c633886f82c40c5d71f6ed7a866c4772b2b12e022","3385230","1489999919","3/20/2017 8:51:59 AM","0xfcd194376e81ce7c1896ee2e09c817647f9b6d60","0xa73908834dfdd442ebfe171100ac0befa6abb1f5","","0.0001","0","0.024968","0.00059464","0.1484697152","42.51","","",""
"0x5660547fc8d127989968f93534a4bfc749bc8b9337c0f604743edbca6df4ade7","3385265","1490000271","3/20/2017 8:57:51 AM","0x736eec498cb15655654eaac087688fa5a1e133ef","0xa73908834dfdd442ebfe171100ac0befa6abb1f5","","0.001","0","0.24968","0.000624372","0.15589320096","42.51","","",""
"0xd7a58a4b257b20b37840939e4508c2b6de327bde0f741b1e1c2e646b5aa4c31f","3390499","1490075073","3/21/2017 5:44:33 AM","0x110ecdebfaba8fc10e06c1235103db8fbc71f8dd","0xa73908834dfdd442ebfe171100ac0befa6abb1f5","","0","0","0","0.00042","0.1048656","42.67","Error(0)","Out of gas",""
"0x76ef4659b4c7458574d0de0b41c274055d7ffc6941bb833bea5cc2f8f1f2c73e","3391945","1490096808","3/21/2017 11:46:48 AM","0x0934067db728709e3a6de482a3f52318109fad32","0xa73908834dfdd442ebfe171100ac0befa6abb1f5","","0","0","0","0.00044488","0.1110776384","42.67","","",""
"0x9ab67603cd4502405170ccafaee164f9345efdc2e484d5f64725f1421e5e9a19","3391975","1490097270","3/21/2017 11:54:30 AM","0x1749ad951fb612b42dc105944da86c362a783487","0xa73908834dfdd442ebfe171100ac0befa6abb1f5","","0","0","0","0.00044488","0.1110776384","42.67","","",""
"0x2a66b574064b5a67ff7f6cec9c4cfb11377f0694375781410da1ddee89d931b5","3392732","1490107939","3/21/2017 2:52:19 PM","0x18a147a5803edf3b6321688978b9bd3fea9daa4a","0xa73908834dfdd442ebfe171100ac0befa6abb1f5","","0","0","0","0.00044488","0.1110776384","42.67","","",""
"0x8e97e6ed2b18a7935af02e0910c8c62f70809a64243979d9087158afc567324d","3398993","1490198425","3/22/2017 4:00:25 PM","0xc031d5e3822be0335027ecf88afdfd3433a97fe1","0xa73908834dfdd442ebfe171100ac0befa6abb1f5","","0","0","0","0.00044488","0.1110776384","41.65","","",""
"0xf595e873dcc5dc18dc1b66cca7da831c555e6551aca3f1d2ccd1040b43392815","3406501","1490307051","3/23/2017 10:10:51 PM","0x7442659b8e9b9997f80f2990f8a84210fdb44327","0xa73908834dfdd442ebfe171100ac0befa6abb1f5","","0","0","0","0.000467124","0.11663152032","43.20","","",""
"0xf986cb6ad059e29ad265056d137de4f9c6cef5ae9c374316c13e78c896afd6f0","3410859","1490370923","3/24/2017 3:55:23 PM","0x82f680773adc3d69a185cdc14564615629e6dadd","0xa73908834dfdd442ebfe171100ac0befa6abb1f5","","0","0","0","0.00044488","0.1110776384","53.19","","",""
"0x14c360d5fc56fad987c9c03d3b558f0b42be538f649a653e7ed2f19384226a41","3443576","1490845777","3/30/2017 3:49:37 AM","0x18b82befccb262f15af07efc149b63fead50a421","0xa73908834dfdd442ebfe171100ac0befa6abb1f5","","0.0003","0","0.074904","0.000441","0.11010888","51.91","Error(0)","Out of gas",""
"0xa7dfe1194206025f934010ec7f456ead68b8c3273a42968c8bf7af867f47a1df","3449123","1490926684","3/31/2017 2:18:04 AM","0xb23216450cf266ee6a623babeb2a0d6bcb9d39d4","0xa73908834dfdd442ebfe171100ac0befa6abb1f5","","0.001","0","0.24968","0.00059464","0.1484697152","49.91","","",""
"0xc6f952c75c1359a5862d3f227ca1230a449c4eb7990549ba6998d2f0c45481fe","3449128","1490926824","3/31/2017 2:20:24 AM","0xd24400ae8bfebb18ca49be86258a3c749cf46853","0xa73908834dfdd442ebfe171100ac0befa6abb1f5","","0.001","0","0.24968","0.00059464","0.1484697152","49.91","","",""
"0xa859a0acf96262e21fb2553f9c7052c350414e733e2c009d6c222bdef7b3d44e","3695053","1494603219","5/12/2017 3:33:39 PM","0x7af25c80793a1cbabe39ac9d604729017d9e4001","0xa73908834dfdd442ebfe171100ac0befa6abb1f5","","0.00001","0","0.0024968","0.00059464","0.1484697152","85.15","","",""
"0xf1fa16543740786e61164481cbf9c29009267b1cab988d583244f7a4ed307313","3888373","1497718196","6/17/2017 4:49:56 PM","0xad70680ac6eeb0051a59cb7de9b460820accbfbd","0xa73908834dfdd442ebfe171100ac0befa6abb1f5","","0.001","0","0.24968","0.00059464","0.1484697152","368.10","","",""
"0x2ff3acd97620d8f7b768da80d04f2941adfcef0247031002bbe14a9e8655d022","3888381","1497718409","6/17/2017 4:53:29 PM","0xad70680ac6eeb0051a59cb7de9b460820accbfbd","0xa73908834dfdd442ebfe171100ac0befa6abb1f5","","0.001","0","0.24968","0.00059464","0.1484697152","368.10","","",""
"0x1e108ab070587ddf8a2698098a9461c5d3352fe9b080a9f7ced00174dc4b137b","3916982","1498204287","6/23/2017 7:51:27 AM","0xae8f3c8d1134e50a7c63c39d78406ab7334149ac","0xa73908834dfdd442ebfe171100ac0befa6abb1f5","","0","0","0","0.001089956","0.27214021408","326.85","","",""
"0x9bc0b3d9cbb2372d82a32fffb3881989d4e082eebb23592de8682b6f2cecf96d","3931027","1498449986","6/26/2017 4:06:26 AM","0xc3bbf6bfe155b1444d15a585ad1bea862ea9e29a","0xa73908834dfdd442ebfe171100ac0befa6abb1f5","","0","0","0","0.000711808","0.17772422144","253.68","","",""
"0xea68c493e0e503cc8ca2077b7f5f3f9918bda0231aea0f38a1297b73976a0871","3956323","1498887833","7/1/2017 5:43:53 AM","0x25a364434923da6ffdf0f237de58b1ee3333a6cc","0xa73908834dfdd442ebfe171100ac0befa6abb1f5","","0.000000003905944848","0","0.00000097523630964864","0.000535176","0.13362274368","261.00","","",""
"0x16703622f435db6b50868b58ddec182cb8c3b62501e2b66bb3883babbccbd35d","4103926","1501593249","8/1/2017 1:14:09 PM","0xdb2e051fe4c6509b1f785326516fcbc44a90d577","0xa73908834dfdd442ebfe171100ac0befa6abb1f5","","0","0","0","0.000088976","0.02221552768","225.90","","",""
"0x28148bfec775742a6ba4d2b614df75b8ed10eb7111d217dda421104def938918","4787272","1514101981","12/24/2017 7:53:01 AM","0x8b4867203bb8e2e742e8c4bed883fae5099c3665","0xa73908834dfdd442ebfe171100ac0befa6abb1f5","","0","0","0","0.00022244","0.0555388192","675.91","","",""
"0x6ec403e58c95846a329a18153ca53b30bde12e635df0cf0a56556d0ffb1a2de7","5086159","1518573415","2/14/2018 1:56:55 AM","0xe2e39360e423d3c018bd5a11b730a1282a98f8f1","0xa73908834dfdd442ebfe171100ac0befa6abb1f5","","0","0","0","0.000022244","0.00555388192","920.11","","",""
